{"date":656875627.02099204,"appVersion":"4.4.0","drawing":{"modificationDate":656874918.34719396,"activeArtboardIndex":1,"settings":{"outlineMode":false,"isolateActiveLayer":false,"snapToEdges":true,"snapToPoints":true,"guidesVisible":true,"snapToGrid":false,"units":"Points","dimensionsVisible":true,"dynamicGuides":true,"isCMYKColorPreviewEnabled":false,"undoHistoryDisabled":true,"snapToGuides":true,"drawOnlyUsingPencil":false,"whiteBackground":false,"rulersVisible":true,"isTimeLapseWatermarkDisabled":false},"artboardPaths":["Artboard0.json","Artboard1.json"],"documentVersion":""}}