{"cacheElements":[],"cacheLayers":[],"cacheArtboardPaths":[],"undoStack":[],"isGroupingUndo":false,"currentUndoGroup":[],"currentRedoGroup":[],"isGroupingRedo":false,"redoStack":[[{"actionTypeRawValue":"proxy","methodArguments":[{"argumentTypeRawValue":4,"argumentGID":12792}],"methodSignature":"deleteArtboard:","targetGID":0}],[{"actionTypeRawValue":"dynamicProxy","methodArguments":[{"argumentTypeRawValue":4,"argumentEncodedJsonString":"{\"Argument\":{\"NS.special\":3,\"NS.rectval\":\"{{-1261.4367230693549, -493.78359808282414}, {1080, 551.95661906943189}}\",\"$class\":\"NSValue\"}}","argumentGID":0}],"methodSignature":"frame","targetGID":12792}],[{"actionTypeRawValue":"dynamicProxy","methodArguments":[{"argumentTypeRawValue":4,"argumentEncodedJsonString":"{\"Argument\":{\"NS.special\":3,\"NS.rectval\":\"{{-1321.4546823282988, -478.95679826370781}, {1080, 551.95661906943189}}\",\"$class\":\"NSValue\"}}","argumentGID":0}],"methodSignature":"frame","targetGID":12792}]],"nextGID":12875}